"","MDS1","MDS2","SampleID","Name","Plant_ID","Type","Experiment","Cohort","Harvested","Age","Site","Treatment","Line","Genotype","Block","oldPlate","newPlate","Analysis","shannon","simpson","insimpson"
"1",-0.238218032752703,-0.181439122559587,"M1981P563","8_0053.leaf","8_0053","leaf","ecotypes","2008","2011","3","Mah","field","MAH.8.A1","MAH","8_02","p206","M1981","Ecotypes",3.83585144541278,0.949978310234706,19.9913278558177
"2",0.298958848016225,0.00429842093812845,"M1977P1709","8_0053.root","8_0053","root","ecotypes","2008","2011","3","Mah","field","MAH.8.A1","MAH","8_02","p217","M1977","Ecotypes",5.65665835706021,0.992170472009597,127.721620157139
"3",-0.236545445939422,-0.158058916762805,"M1980P502","8_0074.leaf","8_0074","leaf","ecotypes","2008","2011","3","Mah","field","JAM.15.A","JAM","8_02","p205","M1980","Ecotypes",3.67097921788611,0.929059618748018,14.0963437516353
"4",0.25232200656935,-0.025465403044634,"M1981P606","8_0074.root","8_0074","root","ecotypes","2008","2011","3","Mah","field","JAM.15.A","JAM","8_02","p206","M1981","Ecotypes",5.68194518049423,0.99200872681608,125.136505408454
"5",-0.380549624910915,0.00720128226111862,"M1981P599","8_0087.leaf","8_0087","leaf","ecotypes","2008","2011","3","Mah","field","MIL.20.B","MIL","8_02","p206","M1981","Ecotypes",2.68735292901627,0.852524444736705,6.78078477626109
"6",0.274752109436935,-0.0109768300011359,"M1981P611","8_0087.root","8_0087","root","ecotypes","2008","2011","3","Mah","field","MIL.20.B","MIL","8_02","p206","M1981","Ecotypes",5.58332218718978,0.991290153907181,114.812591329761
"7",-0.186899581886027,-0.150388322089776,"M1981P587","8_0090.leaf","8_0090","leaf","ecotypes","2008","2011","3","Mah","field","SILLow.5","SIL","8_02","p206","M1981","Ecotypes",4.1450976823347,0.947434403043567,19.0238493977119
"8",0.294287906370051,-0.0144098492339645,"M1982P729","8_0090.root","8_0090","root","ecotypes","2008","2011","3","Mah","field","SILLow.5","SIL","8_02","p207","M1982","Ecotypes",5.47551923999028,0.990607642221753,106.46953870476
"9",-0.221223379399473,-0.112823129748595,"M1979P447","8_0096.leaf","8_0096","leaf","ecotypes","2008","2011","3","Mah","field","PAR.9.A1","PAR","8_02","p204","M1979","Ecotypes",4.00190622003701,0.938949409285341,16.3798578898907
"10",0.229464266156554,-0.0139958955243309,"M1982P701","8_0096.root","8_0096","root","ecotypes","2008","2011","3","Mah","field","PAR.9.A1","PAR","8_02","p207","M1982","Ecotypes",5.48854280952083,0.99067127967494,107.195838781195
"11",-0.164590455179311,0.332117686791785,"M1982P661","8_0149.leaf","8_0149","leaf","ecotypes","2008","2011","3","Jam","field","SILLow.7","SIL","8_04","p207","M1982","Ecotypes",2.6601318184679,0.782960223409886,4.60745037481552
"12",0.300519172516851,0.160695727106997,"M1978P293","8_0149.root","8_0149","root","ecotypes","2008","2011","3","Jam","field","SILLow.7","SIL","8_04","p203","M1978","Ecotypes",4.95245701430919,0.978684635055115,46.9145146041698
"13",-0.237624310819142,0.497444915808652,"M1980P462","8_0157.leaf","8_0157","leaf","ecotypes","2008","2011","3","Jam","field","MIL.54.A","MIL","8_04","p205","M1980","Ecotypes",1.159225367171,0.488848066641141,1.95636548497204
"14",0.229126363987529,0.10820474891042,"M1555P221","8_0157.root","8_0157","root","ecotypes","2008","2011","3","Jam","field","MIL.54.A","MIL","8_04","p202","M1555","Ecotypes",5.29333143759378,0.98378040411904,61.6538172306686
"15",-0.301430298822826,0.461592978877133,"M1980P471","8_0158.leaf","8_0158","leaf","ecotypes","2008","2011","3","Jam","field","JAM.6.A","JAM","8_04","p205","M1980","Ecotypes",0.627866101881255,0.267632082185649,1.36543392422808
"16",0.24008980195749,0.0938380752987164,"M1979P422","8_0158.root","8_0158","root","ecotypes","2008","2011","3","Jam","field","JAM.6.A","JAM","8_04","p204","M1979","Ecotypes",5.0854567707421,0.983918815579721,62.1844743437541
"17",-0.294683220657974,0.444981105313818,"M1982P655","8_0167.leaf","8_0167","leaf","ecotypes","2008","2011","3","Jam","field","PAR.17.A1","PAR","8_04","p207","M1982","Ecotypes",1.03526054264967,0.452154180821581,1.8253310785499
"18",0.250321390115611,0.1039095423057,"M1554P182","8_0167.root","8_0167","root","ecotypes","2008","2011","3","Jam","field","PAR.17.A1","PAR","8_04","p201","M1554","Ecotypes",5.0320788312192,0.979913898525838,49.7856690252403
"19",-0.282567479108161,0.373626087128996,"M1981P623","8_0174.leaf","8_0174","leaf","ecotypes","2008","2011","3","Jam","field","MAH.37.A","MAH","8_04","p206","M1981","Ecotypes",1.11394594294979,0.401726271980111,1.67147570278526
"20",0.2990840324511,0.118260813357082,"M1555P239","8_0174.root","8_0174","root","ecotypes","2008","2011","3","Jam","field","MAH.37.A","MAH","8_04","p202","M1555","Ecotypes",5.12362510135862,0.983617598301304,61.0411109672407
"21",-0.279563223393321,-0.181288594237069,"M1958P1020","8_0195.leaf","8_0195","leaf","ecotypes","2008","2011","3","Sil","field","SILupper.2","SIL","8_05","p211","M1958","Ecotypes",3.13159095619252,0.877078425736683,8.13526840990375
"22",0.26806076559744,0.0424371823458488,"M1555P205","8_0195.root","8_0195","root","ecotypes","2008","2011","3","Sil","field","SILupper.2","SIL","8_05","p202","M1555","Ecotypes",5.07774657328522,0.966084949636259,29.4854346160462
"23",-0.289460967957302,-0.191285721282137,"M1959P1121","8_0196.leaf","8_0196","leaf","ecotypes","2008","2011","3","Sil","field","PAR.13.A","PAR","8_05","p212","M1959","Ecotypes",2.56605118523512,0.822338018817595,5.62866626469342
"24",0.265742143512652,-0.0619926098787264,"M1551P83","8_0196.root","8_0196","root","ecotypes","2008","2011","3","Sil","field","PAR.13.A","PAR","8_05","p200","M1551","Ecotypes",6.00822174042492,0.995462649587788,220.392940626461
"25",-0.223551272507877,-0.17277219522999,"M1961P1359","8_0203.leaf","8_0203","leaf","ecotypes","2008","2011","3","Sil","field","MAH.5.A","MAH","8_05","p214","M1961","Ecotypes",3.93603149318534,0.95890399335625,24.3332645108008
"26",0.303897895371652,-0.00158492629904363,"M1551P21","8_0203.root","8_0203","root","ecotypes","2008","2011","3","Sil","field","MAH.5.A","MAH","8_05","p200","M1551","Ecotypes",5.85069230042125,0.99445240501845,180.258292706242
"27",-0.293015123069781,-0.199964005242658,"M1690P1399","8_0204.leaf","8_0204","leaf","ecotypes","2008","2011","3","Sil","field","JAM.6.A","JAM","8_05","p215","M1690","Ecotypes",3.03693102132823,0.885900167684689,8.76425477328078
"28",0.298236294330573,0.0172005281358003,"M1555P214","8_0204.root","8_0204","root","ecotypes","2008","2011","3","Sil","field","JAM.6.A","JAM","8_05","p202","M1555","Ecotypes",5.80292512034469,0.992127516728695,127.024722128663
"29",-0.309623267098575,-0.190754648671613,"M1955P819","8_0206.leaf","8_0206","leaf","ecotypes","2008","2011","3","Sil","field","SILLow.7","SIL","8_05","p208","M1955","Ecotypes",2.97373141331234,0.868784874650127,7.62107262660146
"30",0.242777362882544,0.0140719043712406,"M1979P426","8_0206.root","8_0206","root","ecotypes","2008","2011","3","Sil","field","SILLow.7","SIL","8_05","p204","M1979","Ecotypes",5.86181814417923,0.991839557253026,122.542370678451
"31",-0.343844087702775,-0.16117073579028,"M1957P982","8_0243.leaf","8_0243","leaf","ecotypes","2008","2011","3","Sil","field","MIL.70.A","MIL","8_06","p210","M1957","Ecotypes",2.61181987722725,0.881883053452279,8.46618566791331
"32",0.193484927099543,-0.00788179984971562,"M1979P369","8_0243.root","8_0243","root","ecotypes","2008","2011","3","Sil","field","MIL.70.A","MIL","8_06","p204","M1979","Ecotypes",5.59660002062628,0.988006461322747,83.3782278033251
"33",-0.350247570182997,-0.257698915873398,"M1690P1397","8_0250.leaf","8_0250","leaf","ecotypes","2008","2011","3","Sil","field","JAM.19.B","JAM","8_06","p215","M1690","Ecotypes",2.22753401640546,0.767861177017122,4.30776716772513
"34",0.28826901044354,-0.0394416746480537,"M1978P318","8_0250.root","8_0250","root","ecotypes","2008","2011","3","Sil","field","JAM.19.B","JAM","8_06","p203","M1978","Ecotypes",5.70487750538857,0.992178426691245,127.851515356973
"35",-0.282653529875132,-0.255107593330753,"M1956P853","8_0258.leaf","8_0258","leaf","ecotypes","2008","2011","3","Sil","field","SILLow.1","SIL","8_06","p209","M1956","Ecotypes",3.51321180893921,0.928592413779206,14.0041143094792
"36",0.214668771644372,0.0123025551860614,"M1979P381","8_0258.root","8_0258","root","ecotypes","2008","2011","3","Sil","field","SILLow.1","SIL","8_06","p204","M1979","Ecotypes",5.52644725435969,0.990267712159314,102.750762859634
"37",-0.236320836064739,-0.201173706882469,"M1960P1219","8_0274.leaf","8_0274","leaf","ecotypes","2008","2011","3","Sil","field","PAR.13.A","PAR","8_06","p213","M1960","Ecotypes",4.05849921528461,0.95282714688903,21.1986329859589
"38",0.203383953149835,0.0359791777302642,"M1554P112","8_0274.root","8_0274","root","ecotypes","2008","2011","3","Sil","field","PAR.13.A","PAR","8_06","p201","M1554","Ecotypes",5.48706115401133,0.986914018376375,76.4176527800292
"39",-0.268123523368883,0.371417343786088,"M1980P533","8_0318.leaf","8_0318","leaf","ecotypes","2008","2011","3","Jam","field","JAM.40.A","JAM","8_07","p205","M1980","Ecotypes",1.44661902325638,0.475534581122374,1.90670340504057
"40",0.205561421548649,0.0645863232925611,"M1554P138","8_0318.root","8_0318","root","ecotypes","2008","2011","3","Jam","field","JAM.40.A","JAM","8_07","p201","M1554","Ecotypes",5.25697655654126,0.987338268064287,78.9781370413805
"41",-0.263869538316018,0.398039738224108,"M1982P711","8_0326.leaf","8_0326","leaf","ecotypes","2008","2011","3","Jam","field","MIL.60.A","MIL","8_07","p207","M1982","Ecotypes",1.47800164047924,0.529774903721836,2.12664106598097
"42",0.259411193004682,0.0928526006411955,"M1978P307","8_0326.root","8_0326","root","ecotypes","2008","2011","3","Jam","field","MIL.60.A","MIL","8_07","p203","M1978","Ecotypes",5.30923792635122,0.985920213482443,71.0238041431262
"43",-0.387361545124151,0.535076625496933,"M1982P696","8_0327.leaf","8_0327","leaf","ecotypes","2008","2011","3","Jam","field","PAR.22.A2","PAR","8_07","p207","M1982","Ecotypes",0.625616468751726,0.356992324262521,1.55519138842795
"44",0.264816793841777,0.0963275435834544,"M1555P231","8_0327.root","8_0327","root","ecotypes","2008","2011","3","Jam","field","PAR.22.A2","PAR","8_07","p202","M1555","Ecotypes",5.14214547272482,0.983172136128997,59.4252489600403
"45",-0.35179916965925,0.526454313131472,"M1980P520","8_0328.leaf","8_0328","leaf","ecotypes","2008","2011","3","Jam","field","MAH.37.A","MAH","8_07","p205","M1980","Ecotypes",0.539528740039942,0.294167839540283,1.41676740735175
"46",0.314970481284629,0.118980660953172,"M1555P190","8_0328.root","8_0328","root","ecotypes","2008","2011","3","Jam","field","MAH.37.A","MAH","8_07","p202","M1555","Ecotypes",5.28812758018206,0.987139401023078,77.7568760051132
"47",-0.254614756782123,-0.158613707702481,"M1955P739","8_0392.leaf","8_0392","leaf","ecotypes","2008","2011","3","Mah","field","JAM.7.B","JAM","8_09","p208","M1955","Ecotypes",3.77768107022698,0.950899462369583,20.3663757722383
"48",0.313251436707586,0.0263060572370528,"M1981P578","8_0392.root","8_0392","root","ecotypes","2008","2011","3","Mah","field","JAM.7.B","JAM","8_09","p206","M1981","Ecotypes",5.48865078398877,0.988523515629889,87.1346980268934
"49",-0.19191339154221,-0.206431726854037,"M1980P506","8_0393.leaf","8_0393","leaf","ecotypes","2008","2011","3","Mah","field","PAR.13.A","PAR","8_09","p205","M1980","Ecotypes",4.0429365668262,0.947942442044841,19.2095065400758
"50",0.268735254817697,-0.00448505883726788,"M1981P631","8_0393.root","8_0393","root","ecotypes","2008","2011","3","Mah","field","PAR.13.A","PAR","8_09","p206","M1981","Ecotypes",5.67696258456342,0.991750464818564,121.218950887118
"51",-0.325593996355611,-0.098561380285911,"M1980P461","8_0398.leaf","8_0398","leaf","ecotypes","2008","2011","3","Mah","field","SILupper.2","SIL","8_09","p205","M1980","Ecotypes",2.49197308590497,0.831708103487226,5.9420567521152
"52",0.31427870328987,0.0191527607903229,"M1982P667","8_0398.root","8_0398","root","ecotypes","2008","2011","3","Mah","field","SILupper.2","SIL","8_09","p207","M1982","Ecotypes",5.2716914160373,0.988240328963208,85.0363923337091
"53",-0.218492708886204,-0.241795400897218,"M1980P496","8_0419.leaf","8_0419","leaf","ecotypes","2008","2011","3","Mah","field","MAH.16.A","MAH","8_09","p205","M1980","Ecotypes",4.13891093753991,0.95957324723893,24.7360950781824
"54",0.316045267772983,0.010479959750418,"M1982P707","8_0419.root","8_0419","root","ecotypes","2008","2011","3","Mah","field","MAH.16.A","MAH","8_09","p207","M1982","Ecotypes",5.61637039982795,0.99114803026173,112.969206805655
"55",-0.243091694070669,-0.136189527701972,"M1980P469","8_0424.leaf","8_0424","leaf","ecotypes","2008","2011","3","Mah","field","MIL.24.A","MIL","8_09","p205","M1980","Ecotypes",3.17774732181935,0.895965491530385,9.61219517168257
"56",0.335798268411436,-0.00902788484254116,"M1980P486","8_0424.root","8_0424","root","ecotypes","2008","2011","3","Mah","field","MIL.24.A","MIL","8_09","p205","M1980","Ecotypes",5.40389108155713,0.988877764119295,89.9099794974491
"57",-0.267059073760265,-0.13876566178902,"M1980P532","8_0430.leaf","8_0430","leaf","ecotypes","2008","2011","3","Mah","field","SILLow.7","SIL","8_09","p205","M1980","Ecotypes",3.09758328024143,0.890147967684901,9.10315429696929
"58",0.202722598842574,-0.0164186420352982,"M1977P1714","8_0430.root","8_0430","root","ecotypes","2008","2011","3","Mah","field","SILLow.7","SIL","8_09","p217","M1977","Ecotypes",5.74436079268598,0.993401856728759,151.557788136955
"59",-0.263207386489432,-0.0586194392620752,"M1981P597","8_0545.leaf","8_0545","leaf","ecotypes","2008","2011","3","Mah","field","SILLow.7","SIL","8_12","p206","M1981","Ecotypes",2.71106837186478,0.788714640114293,4.73293559260775
"60",0.326136429166683,0.00885086751984692,"M1977P1705","8_0545.root","8_0545","root","ecotypes","2008","2011","3","Mah","field","SILLow.7","SIL","8_12","p217","M1977","Ecotypes",5.60516206611985,0.99090779887595,109.984368620589
"61",-0.12698854506443,-0.144842203991875,"M1955P764","8_0546.leaf","8_0546","leaf","ecotypes","2008","2011","3","Mah","field","SILupper.2","SIL","8_12","p208","M1955","Ecotypes",4.58604872646066,0.970571920398031,33.9811504360989
"62",0.302553243291094,-0.016171975677349,"M1981P588","8_0546.root","8_0546","root","ecotypes","2008","2011","3","Mah","field","SILupper.2","SIL","8_12","p206","M1981","Ecotypes",5.63119329726932,0.99205751553019,125.905187954864
"63",-0.256696958798719,0.0783998442269653,"M1982P709","8_0560.leaf","8_0560","leaf","ecotypes","2008","2011","3","Mah","field","MIL.70.A","MIL","8_12","p207","M1982","Ecotypes",2.43303353546322,0.748409859138497,3.97471855047964
"64",0.302150919193497,0.0284340730224347,"M1980P475","8_0560.root","8_0560","root","ecotypes","2008","2011","3","Mah","field","MIL.70.A","MIL","8_12","p205","M1980","Ecotypes",5.28310123684766,0.986389539699695,73.4729008377167
"65",-0.219066466726214,-0.192466003409557,"M1980P539","8_0561.leaf","8_0561","leaf","ecotypes","2008","2011","3","Mah","field","MAH.37.A","MAH","8_12","p205","M1980","Ecotypes",4.09487282990776,0.960140150884402,25.0879022923513
"66",0.318815585813165,-0.0134113364810088,"M1982P645","8_0561.root","8_0561","root","ecotypes","2008","2011","3","Mah","field","MAH.37.A","MAH","8_12","p207","M1982","Ecotypes",5.46282507943626,0.990523852908391,105.528121327439
"67",-0.356285005682554,0.269958550877806,"M1981P577","8_0573.leaf","8_0573","leaf","ecotypes","2008","2011","3","Mah","field","PAR.9.A1","PAR","8_12","p206","M1981","Ecotypes",1.60652542496519,0.536542746868242,2.15769629937306
"68",0.331273732987084,0.023658623849718,"M1980P535","8_0573.root","8_0573","root","ecotypes","2008","2011","3","Mah","field","PAR.9.A1","PAR","8_12","p205","M1980","Ecotypes",5.46438858453094,0.990249151235468,102.555174851797
"69",-0.303472346488211,0.200280163859869,"M1981P609","8_0589.leaf","8_0589","leaf","ecotypes","2008","2011","3","Jam","field","JAM.6.A","JAM","8_13","p206","M1981","Ecotypes",2.42617545073956,0.731790938238791,3.7284348016933
"70",0.152086753840541,0.090354397927333,"M1554P132","8_0589.root","8_0589","root","ecotypes","2008","2011","3","Jam","field","JAM.6.A","JAM","8_13","p201","M1554","Ecotypes",5.22189418299952,0.989733687864656,97.4059610517072
"71",-0.349841022192022,0.577039312450447,"M1981P556","8_0593.leaf","8_0593","leaf","ecotypes","2008","2011","3","Jam","field","PAR.10.A6","PAR","8_13","p206","M1981","Ecotypes",0.462044583293865,0.238739087502559,1.31361006927222
"72",0.232094875799063,0.0984366002197574,"M1551P92","8_0593.root","8_0593","root","ecotypes","2008","2011","3","Jam","field","PAR.10.A6","PAR","8_13","p200","M1551","Ecotypes",5.25010546575191,0.986233097627278,72.6379815100154
"73",-0.309076383029364,0.516608135070724,"M1981P638","8_0608.leaf","8_0608","leaf","ecotypes","2008","2011","3","Jam","field","MAH.16.A","MAH","8_13","p206","M1981","Ecotypes",0.517765788738986,0.252053103333436,1.33699331390608
"74",0.287538910152149,0.110247355753889,"M1551P67","8_0608.root","8_0608","root","ecotypes","2008","2011","3","Jam","field","MAH.16.A","MAH","8_13","p200","M1551","Ecotypes",5.04361839299645,0.978296446590676,46.0754043884083
"75",-0.295067826343561,0.215996164400023,"M1979P439","8_0609.leaf","8_0609","leaf","ecotypes","2008","2011","3","Jam","field","SILLow.2","SIL","8_13","p204","M1979","Ecotypes",2.08326222861074,0.644167998633916,2.81031496931382
"76",0.288147410572127,0.137828224734778,"M1551P37","8_0609.root","8_0609","root","ecotypes","2008","2011","3","Jam","field","SILLow.2","SIL","8_13","p200","M1551","Ecotypes",4.93230896051863,0.977334990735447,44.120873207141
"77",-0.292834287127615,0.422863114876378,"M1981P586","8_0612.leaf","8_0612","leaf","ecotypes","2008","2011","3","Jam","field","MIL.68.B","MIL","8_13","p206","M1981","Ecotypes",0.84920743997284,0.335781430803285,1.50552852084423
"78",0.232476159879041,0.115536921104795,"M1555P256","8_0612.root","8_0612","root","ecotypes","2008","2011","3","Jam","field","MIL.68.B","MIL","8_13","p202","M1555","Ecotypes",5.35588949033422,0.98794441480589,82.949104825584
"79",-0.30865329831433,-0.206067384153359,"M1961P1298","8_0647.leaf","8_0647","leaf","ecotypes","2008","2011","3","Sil","field","JAM.26.A","JAM","8_14","p214","M1961","Ecotypes",2.62675720256964,0.819374634747534,5.5363209846096
"80",0.21067245378352,-0.01486697748166,"M1554P124","8_0647.root","8_0647","root","ecotypes","2008","2011","3","Sil","field","JAM.26.A","JAM","8_14","p201","M1554","Ecotypes",5.84228298169525,0.991534627789839,118.128296686087
"81",-0.236804268788085,-0.253809283838388,"M1955P814","8_0663.leaf","8_0663","leaf","ecotypes","2008","2011","3","Sil","field","PAR.13.A","PAR","8_14","p208","M1955","Ecotypes",4.18585939074123,0.962314960847057,26.5357293630914
"82",0.302021024313223,-0.0449516020485602,"M1555P238","8_0663.root","8_0663","root","ecotypes","2008","2011","3","Sil","field","PAR.13.A","PAR","8_14","p202","M1555","Ecotypes",5.64349397941493,0.993354128638869,150.469358442387
"83",-0.264242406399381,-0.216687981433964,"M1961P1308","8_0672.leaf","8_0672","leaf","ecotypes","2008","2011","3","Sil","field","MIL.32.A1","MIL","8_14","p214","M1961","Ecotypes",3.37051484845114,0.912707975151696,11.4558002490811
"84",0.270461377731265,-0.0420547122925721,"M1979P378","8_0672.root","8_0672","root","ecotypes","2008","2011","3","Sil","field","MIL.32.A1","MIL","8_14","p204","M1979","Ecotypes",5.92377643979037,0.994722333882383,189.477692926045
"85",-0.353223517158874,0.551009997127098,"M1982P705","8_0773.leaf","8_0773","leaf","ecotypes","2008","2011","3","Jam","field","MAH.9.B","MAH","8_17","p207","M1982","Ecotypes",0.47377997115682,0.240764349450225,1.31711412560235
"86",0.250505134002692,0.110347604825386,"M1555P212","8_0773.root","8_0773","root","ecotypes","2008","2011","3","Jam","field","MAH.9.B","MAH","8_17","p202","M1555","Ecotypes",5.03482000942495,0.981652791934165,54.5042055669567
"87",-0.219825868285198,0.00726159176998098,"M1980P481","8_0775.leaf","8_0775","leaf","ecotypes","2008","2011","3","Jam","field","SILLow.5","SIL","8_17","p205","M1980","Ecotypes",4.48484256474473,0.967427699898498,30.7009329056837
"88",0.176257794596176,0.0147177258225304,"M1979P383","8_0775.root","8_0775","root","ecotypes","2008","2011","3","Jam","field","SILLow.5","SIL","8_17","p204","M1979","Ecotypes",5.27159528504274,0.989394288114327,94.288814440722
"89",-0.382276394234329,0.575495838544014,"M1981P632","8_0776.leaf","8_0776","leaf","ecotypes","2008","2011","3","Jam","field","JAM.22.A","JAM","8_17","p206","M1981","Ecotypes",0.469608157304816,0.234003930673358,1.30548972774633
"90",0.288554855483168,0.120543574218305,"M1555P240","8_0776.root","8_0776","root","ecotypes","2008","2011","3","Jam","field","JAM.22.A","JAM","8_17","p202","M1555","Ecotypes",4.93581956210497,0.978886153656873,47.3622846234993
"91",-0.333616959382354,0.447123880084973,"M1981P561","8_0790.leaf","8_0790","leaf","ecotypes","2008","2011","3","Jam","field","PAR.13.A","PAR","8_17","p206","M1981","Ecotypes",0.785114871302474,0.333680334223904,1.50078115859788
"92",0.254868179434067,0.0985485027474743,"M1554P128","8_0790.root","8_0790","root","ecotypes","2008","2011","3","Jam","field","PAR.13.A","PAR","8_17","p201","M1554","Ecotypes",5.13411806676418,0.985977487190311,71.3138945616822
"93",-0.295737288189309,0.5305041098923,"M1982P664","8_0803.leaf","8_0803","leaf","ecotypes","2008","2011","3","Jam","field","MIL.20.B","MIL","8_17","p207","M1982","Ecotypes",0.63534916645592,0.33915421582218,1.51321234687777
"94",0.240007674519997,0.112966518808107,"M1978P356","8_0803.root","8_0803","root","ecotypes","2008","2011","3","Jam","field","MIL.20.B","MIL","8_17","p203","M1978","Ecotypes",5.04851578396014,0.981001038351111,52.6344554234355
"95",-0.232778696588696,-0.176715987920836,"M1980P538","8_0821.leaf","8_0821","leaf","ecotypes","2008","2011","3","Mah","field","MAH.46.A","MAH","8_18","p205","M1980","Ecotypes",3.50803268329035,0.92283004239315,12.9584106433568
"96",0.280298065652869,-0.0195462113125001,"M1980P499","8_0821.root","8_0821","root","ecotypes","2008","2011","3","Mah","field","MAH.46.A","MAH","8_18","p205","M1980","Ecotypes",5.51871515262469,0.98962020107314,96.3409799213202
"97",-0.226576141355393,-0.219136493752472,"M1982P683","8_0828.leaf","8_0828","leaf","ecotypes","2008","2011","3","Mah","field","MIL.53.A","MIL","8_18","p207","M1982","Ecotypes",3.76002472917433,0.948319493954972,19.3496557314808
"98",0.272357792172541,-0.0223673557982696,"M1980P507","8_0828.root","8_0828","root","ecotypes","2008","2011","3","Mah","field","MIL.53.A","MIL","8_18","p205","M1980","Ecotypes",5.22825342044905,0.986234158251497,72.6435780876801
"99",-0.275770016186835,-0.157671213565631,"M1980P501","8_0833.leaf","8_0833","leaf","ecotypes","2008","2011","3","Mah","field","SILLow.7","SIL","8_18","p205","M1980","Ecotypes",3.19215998863583,0.888011870506268,8.92951783837025
"100",0.20718019169567,-0.0405636723162106,"M1955P745","8_0833.root","8_0833","root","ecotypes","2008","2011","3","Mah","field","SILLow.7","SIL","8_18","p208","M1955","Ecotypes",5.78382760594636,0.993284657752474,148.912737897813
"101",-0.191826540627461,-0.221457971808538,"M1977P1711","8_0850.leaf","8_0850","leaf","ecotypes","2008","2011","3","Mah","field","PAR.29.B2","PAR","8_18","p217","M1977","Ecotypes",4.12976577211279,0.959769462719589,24.8567398697635
"102",0.241727861332681,-0.00810030380642298,"M1980P476","8_0850.root","8_0850","root","ecotypes","2008","2011","3","Mah","field","PAR.29.B2","PAR","8_18","p205","M1980","Ecotypes",5.68542283872552,0.992446764618849,132.393596854595
"103",-0.35245472393316,-0.12544413996019,"M1982P646","8_0853.leaf","8_0853","leaf","ecotypes","2008","2011","3","Mah","field","JAM.6.A","JAM","8_18","p207","M1982","Ecotypes",1.98477637939111,0.659865767398745,2.94001574717213
"104",0.315947368910985,0.00538317157189781,"M1982P703","8_0853.root","8_0853","root","ecotypes","2008","2011","3","Mah","field","JAM.6.A","JAM","8_18","p207","M1982","Ecotypes",5.54532017110737,0.991010679425269,111.243112500737
"105",-0.324349282064289,-0.0188862177815205,"M1981P584","8_0864.leaf","8_0864","leaf","ecotypes","2008","2011","3","Mah","field","SILupper.2","SIL","8_18","p206","M1981","Ecotypes",3.34510668699427,0.91350079175598,11.5607994604868
"106",0.274899004507624,0.00817757536322418,"M1980P470","8_0864.root","8_0864","root","ecotypes","2008","2011","3","Mah","field","SILupper.2","SIL","8_18","p205","M1980","Ecotypes",5.35359343026438,0.98933012034903,93.7217693836978
"107",-0.320725024373092,-0.205330659489484,"M1956P899","8_0897.leaf","8_0897","leaf","ecotypes","2008","2011","3","Sil","field","MAH.46.A","MAH","8_19","p209","M1956","Ecotypes",3.1469170716276,0.878249885187428,8.2135446158671
"108",0.277051770592332,0.0200447520522626,"M1551P29","8_0897.root","8_0897","root","ecotypes","2008","2011","3","Sil","field","MAH.46.A","MAH","8_19","p200","M1551","Ecotypes",5.66482103353413,0.99248918958764,133.14142483937
"109",-0.20941794707714,-0.191425471799909,"M1959P1106","8_0898.leaf","8_0898","leaf","ecotypes","2008","2011","3","Sil","field","SILLow.2","SIL","8_19","p212","M1959","Ecotypes",4.02005681498386,0.959356349585985,24.6040891950784
"110",0.306879591262097,0.00642418653112219,"M1554P184","8_0898.root","8_0898","root","ecotypes","2008","2011","3","Sil","field","SILLow.2","SIL","8_19","p201","M1554","Ecotypes",5.69538355814146,0.992819574032101,139.267503692762
"111",-0.23781491621736,-0.236043782172115,"M1960P1238","8_0900.leaf","8_0900","leaf","ecotypes","2008","2011","3","Sil","field","PAR.22.A2","PAR","8_19","p213","M1960","Ecotypes",4.29505617128251,0.972388239374401,36.2164518793094
"112",0.271116411962092,-0.0177613211513129,"M1555P276","8_0900.root","8_0900","root","ecotypes","2008","2011","3","Sil","field","PAR.22.A2","PAR","8_19","p202","M1555","Ecotypes",5.94373600906813,0.994012776279351,167.022320637733
"113",-0.294012479573729,-0.238591318995105,"M1955P767","8_0909.leaf","8_0909","leaf","ecotypes","2008","2011","3","Sil","field","MIL.70.A","MIL","8_19","p208","M1955","Ecotypes",3.14697968471139,0.880495226660699,8.36786658856524
"114",0.252002027104775,0.0135754871197286,"M1555P207","8_0909.root","8_0909","root","ecotypes","2008","2011","3","Sil","field","MIL.70.A","MIL","8_19","p202","M1555","Ecotypes",5.71202786911279,0.98894988656624,90.4968085616931
"115",-0.286855217596311,-0.239807754123191,"M1956P873","8_0910.leaf","8_0910","leaf","ecotypes","2008","2011","3","Sil","field","JAM.16.A","JAM","8_19","p209","M1956","Ecotypes",3.15295231271764,0.889471289432683,9.04742301676406
"116",0.241650812342204,-0.0253024206881951,"M1978P317","8_0910.root","8_0910","root","ecotypes","2008","2011","3","Sil","field","JAM.16.A","JAM","8_19","p203","M1978","Ecotypes",5.85492732507595,0.993305870236869,149.384615384615
"117",-0.256081978099682,-0.111634925056726,"M1980P510","8_0961.leaf","8_0961","leaf","ecotypes","2008","2011","3","Mah","field","SILupper.2","SIL","8_21","p205","M1980","Ecotypes",3.3256453086309,0.875022935998753,8.00146817331234
"118",0.299046103134294,0.0208424854643792,"M1980P513","8_0961.root","8_0961","root","ecotypes","2008","2011","3","Mah","field","SILupper.2","SIL","8_21","p205","M1980","Ecotypes",5.63670436434667,0.992071303645047,126.124138853588
"119",-0.249889906118017,-0.0662623496202877,"M1980P489","8_0976.leaf","8_0976","leaf","ecotypes","2008","2011","3","Mah","field","JAM.1.A","JAM","8_21","p205","M1980","Ecotypes",2.57764045503921,0.790514519415257,4.77360052452642
"120",0.278861860377586,0.0318999479706085,"M1981P573","8_0976.root","8_0976","root","ecotypes","2008","2011","3","Mah","field","JAM.1.A","JAM","8_21","p206","M1981","Ecotypes",5.407849758984,0.988975871859624,90.7101212237829
"121",-0.195386893218127,-0.21454798572454,"M1980P483","8_0991.leaf","8_0991","leaf","ecotypes","2008","2011","3","Mah","field","MAH.38.B","MAH","8_21","p205","M1980","Ecotypes",4.16684599483249,0.96741921490474,30.6929374806713
"122",0.316450630170047,0.00318901754400033,"M1955P738","8_0991.root","8_0991","root","ecotypes","2008","2011","3","Mah","field","MAH.38.B","MAH","8_21","p208","M1955","Ecotypes",5.26153063699594,0.987907823270307,82.6980966581879
"123",-0.21064644720132,-0.179322697535106,"M1980P464","8_0998.leaf","8_0998","leaf","ecotypes","2008","2011","3","Mah","field","SILLow.7","SIL","8_21","p205","M1980","Ecotypes",4.09576170380778,0.95727487455467,23.4054315716307
"124",0.233293989150196,-0.0116246319784919,"M1982P730","8_0998.root","8_0998","root","ecotypes","2008","2011","3","Mah","field","SILLow.7","SIL","8_21","p207","M1982","Ecotypes",5.60976350884493,0.991085983744873,112.182878220001
"125",-0.196674553829191,-0.234982697707245,"M1980P543","8_1003.leaf","8_1003","leaf","ecotypes","2008","2011","3","Mah","field","PAR.29.B2","PAR","8_21","p205","M1980","Ecotypes",4.43471395714995,0.974003039749014,38.4660356574599
"126",0.277493701647896,0.0109864855690304,"M1981P598","8_1003.root","8_1003","root","ecotypes","2008","2011","3","Mah","field","PAR.29.B2","PAR","8_21","p206","M1981","Ecotypes",5.65266206769024,0.991994408389113,124.912692103869
"127",-0.346523490025145,0.535324175688051,"M1980P505","8_1013.leaf","8_1013","leaf","ecotypes","2008","2011","3","Jam","field","PAR.22.A2","PAR","8_22","p205","M1980","Ecotypes",0.444371716154608,0.202268993393372,1.25355538611164
"128",0.330249869973469,0.108360744034436,"M1551P48","8_1013.root","8_1013","root","ecotypes","2008","2011","3","Jam","field","PAR.22.A2","PAR","8_22","p200","M1551","Ecotypes",5.44265109389538,0.987769942121736,81.7657618593357
"129",-0.332358204977507,0.128325813638423,"M1981P582","8_1023.leaf","8_1023","leaf","ecotypes","2008","2011","3","Jam","field","MIL.68.B","MIL","8_22","p206","M1981","Ecotypes",3.85329670410835,0.960921830934378,25.5897352386381
"130",0.226095786664661,0.0860779833491319,"M1979P370","8_1023.root","8_1023","root","ecotypes","2008","2011","3","Jam","field","MIL.68.B","MIL","8_22","p204","M1979","Ecotypes",5.32250757554229,0.989337014406459,93.7823643507236
"131",-0.305551154359024,0.538995749346621,"M1982P679","8_1032.leaf","8_1032","leaf","ecotypes","2008","2011","3","Jam","field","JAM.15.A","JAM","8_22","p207","M1982","Ecotypes",1.42525373392724,0.660449641031733,2.94507124963298
"132",0.288142828247178,0.131654091521875,"M1978P359","8_1032.root","8_1032","root","ecotypes","2008","2011","3","Jam","field","JAM.15.A","JAM","8_22","p203","M1978","Ecotypes",4.937482484603,0.978943427364741,47.4911096559714
"133",-0.323157265668132,0.443121378587085,"M1979P441","8_1047.leaf","8_1047","leaf","ecotypes","2008","2011","3","Jam","field","MAH.48.A","MAH","8_22","p204","M1979","Ecotypes",0.732813006807176,0.267890874495275,1.36591658970319
"134",0.303951296312819,0.103391546430496,"M1551P80","8_1047.root","8_1047","root","ecotypes","2008","2011","3","Jam","field","MAH.48.A","MAH","8_22","p200","M1551","Ecotypes",5.51031859232657,0.989723081622458,97.30543371691
"135",-0.293644000949604,0.300271249693802,"M1982P663","8_1048.leaf","8_1048","leaf","ecotypes","2008","2011","3","Jam","field","SILLow.2","SIL","8_22","p207","M1982","Ecotypes",1.97867182328012,0.628322803102538,2.69050673096816
"136",0.211775905467227,0.115695717721281,"M1551P31","8_1048.root","8_1048","root","ecotypes","2008","2011","3","Jam","field","SILLow.2","SIL","8_22","p200","M1551","Ecotypes",4.81311607373084,0.978872365542016,47.331375502008
"137",-0.277086647155758,-0.217420217175506,"M1956P915","8_1061.leaf","8_1061","leaf","ecotypes","2008","2011","3","Sil","field","MIL.54.A","MIL","8_23","p209","M1956","Ecotypes",3.73906068149031,0.921212060145878,12.6922978548688
"138",0.262652633851083,-0.00616677257693663,"M1978P327","8_1061.root","8_1061","root","ecotypes","2008","2011","3","Sil","field","MIL.54.A","MIL","8_23","p203","M1978","Ecotypes",5.87373758657707,0.993346704269331,150.301450661565
"139",-0.211661110533552,-0.245795416631553,"M1961P1338","8_1064.leaf","8_1064","leaf","ecotypes","2008","2011","3","Sil","field","PAR.29.B2","PAR","8_23","p214","M1961","Ecotypes",4.56718305404199,0.977109608088745,43.6864516726902
"140",0.303747282916339,0.0236466155421718,"M1554P130","8_1064.root","8_1064","root","ecotypes","2008","2011","3","Sil","field","PAR.29.B2","PAR","8_23","p201","M1554","Ecotypes",5.79168007660417,0.993661179350495,157.75805237179
"141",-0.244123793419421,-0.169814931948004,"M1977P1737","8_1069.leaf","8_1069","leaf","ecotypes","2008","2011","3","Sil","field","JAM.40.A","JAM","8_23","p217","M1977","Ecotypes",3.9276766941307,0.954700739573269,22.0754155935378
"142",0.120837457564917,-0.0798552484715263,"M1554P119","8_1069.root","8_1069","root","ecotypes","2008","2011","3","Sil","field","JAM.40.A","JAM","8_23","p201","M1554","Ecotypes",5.69662960893215,0.992724117852321,137.440379008746
"143",-0.258729486592785,-0.210669288279418,"M1961P1369","8_1071.leaf","8_1071","leaf","ecotypes","2008","2011","3","Sil","field","SILupper.2","SIL","8_23","p214","M1961","Ecotypes",3.77272450772539,0.923279216750226,13.0342777750897
"144",0.336717861146637,-0.00615242801367514,"M1555P232","8_1071.root","8_1071","root","ecotypes","2008","2011","3","Sil","field","SILupper.2","SIL","8_23","p202","M1555","Ecotypes",5.71795097730688,0.99335147707832,150.409348328946
"145",-0.261970005272368,-0.200291899294493,"M1959P1171","8_1076.leaf","8_1076","leaf","ecotypes","2008","2011","3","Sil","field","MAH.5.A","MAH","8_23","p212","M1959","Ecotypes",3.37532921152007,0.934709033654667,15.316054516805
"146",0.196095772512633,-0.020041696052,"M1978P314","8_1076.root","8_1076","root","ecotypes","2008","2011","3","Sil","field","MAH.5.A","MAH","8_23","p203","M1978","Ecotypes",5.72706891386701,0.99172076734041,120.784140404817
"147",-0.268459683642312,-0.195851089270283,"M1955P817","8_1203.leaf","8_1203","leaf","ecotypes","2008","2011","3","Sil","field","MAH.38.B","MAH","8_26","p208","M1955","Ecotypes",3.48751411791005,0.922285411856294,12.8675969838616
"148",0.299852267208686,-0.00243967007506375,"M1554P160","8_1203.root","8_1203","root","ecotypes","2008","2011","3","Sil","field","MAH.38.B","MAH","8_26","p201","M1554","Ecotypes",5.96518937863291,0.994951428713855,198.075840336134
"149",-0.273756781214481,-0.225933814280765,"M1957P1002","8_1204.leaf","8_1204","leaf","ecotypes","2008","2011","3","Sil","field","SILLow.8","SIL","8_26","p210","M1957","Ecotypes",3.44030228611834,0.914842481394,11.7429443268153
"150",0.252231656743974,0.00302142073021101,"M1554P175","8_1204.root","8_1204","root","ecotypes","2008","2011","3","Sil","field","SILLow.8","SIL","8_26","p201","M1554","Ecotypes",5.85224747686717,0.992852983695024,139.918527862284
"151",-0.218220305373931,-0.223123589208976,"M1961P1321","8_1209.leaf","8_1209","leaf","ecotypes","2008","2011","3","Sil","field","PAR.22.A2","PAR","8_26","p214","M1961","Ecotypes",3.79653156440231,0.921569490507944,12.7501403022415
"152",0.275030844639628,-0.0578221698339697,"M1978P290","8_1209.root","8_1209","root","ecotypes","2008","2011","3","Sil","field","PAR.22.A2","PAR","8_26","p203","M1978","Ecotypes",5.38899253131963,0.976071787289691,41.7916712838811
"153",-0.290896435321027,-0.155847907252086,"M1960P1254","8_1214.leaf","8_1214","leaf","ecotypes","2008","2011","3","Sil","field","JAM.40.A","JAM","8_26","p213","M1960","Ecotypes",3.30344444108916,0.90087140885897,10.0879069145379
"154",0.293475084543823,0.0317808978129347,"M1979P417","8_1214.root","8_1214","root","ecotypes","2008","2011","3","Sil","field","JAM.40.A","JAM","8_26","p204","M1979","Ecotypes",5.77853128111237,0.993296324618891,149.171900957203
"155",-0.216768240024027,-0.180920631671698,"M1960P1224","8_1225.leaf","8_1225","leaf","ecotypes","2008","2011","3","Sil","field","MIL.54.A","MIL","8_26","p213","M1960","Ecotypes",4.43263950976572,0.974745476702859,39.5968669942464
"156",0.283387898803271,0.022956783263636,"M1555P265","8_1225.root","8_1225","root","ecotypes","2008","2011","3","Sil","field","MIL.54.A","MIL","8_26","p202","M1555","Ecotypes",5.66856023005616,0.988451923495054,86.5945077149155
"157",-0.277349029821774,0.0129628959085006,"M1981P560","8_1298.leaf","8_1298","leaf","ecotypes","2008","2011","3","Mah","field","PAR.9.A1","PAR","8_28","p206","M1981","Ecotypes",3.52197004007098,0.897497563215855,9.75586562986647
"158",0.307986966406123,0.0156389080630034,"M1982P720","8_1298.root","8_1298","root","ecotypes","2008","2011","3","Mah","field","PAR.9.A1","PAR","8_28","p207","M1982","Ecotypes",5.1271469370438,0.980517393706892,51.3278349392999
"159",-0.209194729284011,-0.146761315775844,"M1980P503","8_1322.leaf","8_1322","leaf","ecotypes","2008","2011","3","Mah","field","JAM.7.B","JAM","8_28","p205","M1980","Ecotypes",4.15505116772699,0.961933666440047,26.2699321547485
"160",0.264922515006724,0.0247825269144264,"M1981P591","8_1322.root","8_1322","root","ecotypes","2008","2011","3","Mah","field","JAM.7.B","JAM","8_28","p206","M1981","Ecotypes",5.23941854677704,0.984457082371259,64.3379849193081
"161",-0.254483096653546,-0.177493423827106,"M1979P442","8_1324.leaf","8_1324","leaf","ecotypes","2008","2011","3","Mah","field","SILLow.3","SIL","8_28","p204","M1979","Ecotypes",3.20374332485516,0.834502317994232,6.04238070213666
"162",0.33936390701736,0.0104753282380839,"M1977P1706","8_1324.root","8_1324","root","ecotypes","2008","2011","3","Mah","field","SILLow.3","SIL","8_28","p217","M1977","Ecotypes",5.45079735246899,0.990402411435226,104.192838987733
"163",-0.177626267249881,-0.206190207136411,"M1981P636","8_1333.leaf","8_1333","leaf","ecotypes","2008","2011","3","Mah","field","MAH.16.A","MAH","8_28","p206","M1981","Ecotypes",4.45027873560788,0.973796748338267,38.1632025257534
"164",0.194963159359318,-0.038567090426851,"M1980P534","8_1333.root","8_1333","root","ecotypes","2008","2011","3","Mah","field","MAH.16.A","MAH","8_28","p205","M1980","Ecotypes",5.65581101125722,0.992492901772409,133.207261938401
"165",-0.298775504859637,-0.14652783109774,"M1981P555","8_1335.leaf","8_1335","leaf","ecotypes","2008","2011","3","Mah","field","SILupper.2","SIL","8_28","p206","M1981","Ecotypes",2.65973359032525,0.806388351800569,5.16497849845244
"166",0.274924981743633,-0.000195380318911657,"M1981P594","8_1335.root","8_1335","root","ecotypes","2008","2011","3","Mah","field","SILupper.2","SIL","8_28","p206","M1981","Ecotypes",5.67764954058747,0.992382596853552,131.278334725703
"167",-0.292206085414446,-0.211768491299776,"M1980P541","8_1337.leaf","8_1337","leaf","ecotypes","2008","2011","3","Mah","field","MIL.32.A1","MIL","8_28","p205","M1980","Ecotypes",3.44306332913116,0.913567611081826,11.5697369066902
"168",0.299275485597155,0.0105454694137997,"M1980P519","8_1337.root","8_1337","root","ecotypes","2008","2011","3","Mah","field","MIL.32.A1","MIL","8_28","p205","M1980","Ecotypes",5.475213876957,0.990134603819732,101.364403590819
"169",-0.31201689881505,0.463385421195106,"M1979P440","8_1368.leaf","8_1368","leaf","ecotypes","2008","2011","3","Jam","field","JAM.15.A","JAM","8_29","p204","M1979","Ecotypes",0.615052576740409,0.253222971847851,1.33908778966385
"170",0.245489169183031,0.129716634136774,"M1554P103","8_1368.root","8_1368","root","ecotypes","2008","2011","3","Jam","field","JAM.15.A","JAM","8_29","p201","M1554","Ecotypes",4.75005235682836,0.978115610161204,45.6946712869848
"171",-0.271121570393119,0.250435578972202,"M1980P484","8_1378.leaf","8_1378","leaf","ecotypes","2008","2011","3","Jam","field","MAH.16.A","MAH","8_29","p205","M1980","Ecotypes",2.86159326598566,0.860210788457439,7.15362787274562
"172",0.257201995100331,0.115439104707629,"M1555P216","8_1378.root","8_1378","root","ecotypes","2008","2011","3","Jam","field","MAH.16.A","MAH","8_29","p202","M1555","Ecotypes",4.84823172766602,0.978124095154962,45.7123948510339
"173",-0.259403813409089,0.374399930274433,"M1981P639","8_1382.leaf","8_1382","leaf","ecotypes","2008","2011","3","Jam","field","MIL.70.A","MIL","8_29","p206","M1981","Ecotypes",1.79942580262769,0.570911744398048,2.3305228864797
"174",0.196777000632203,0.140600465008694,"M1551P81","8_1382.root","8_1382","root","ecotypes","2008","2011","3","Jam","field","MIL.70.A","MIL","8_29","p200","M1551","Ecotypes",4.98552120917085,0.981034978326144,52.7286505229014
"175",-0.228384756094963,0.142813221812371,"M1981P626","8_1388.leaf","8_1388","leaf","ecotypes","2008","2011","3","Jam","field","SILLow.7","SIL","8_29","p206","M1981","Ecotypes",3.30233494928077,0.86852714296472,7.60613272237371
"176",0.246018564702211,0.105334522838453,"M1554P179","8_1388.root","8_1388","root","ecotypes","2008","2011","3","Jam","field","SILLow.7","SIL","8_29","p201","M1554","Ecotypes",5.21347320629275,0.984652237227698,65.1560761549359
"177",-0.336632549583203,0.431877540420941,"M1981P593","8_1389.leaf","8_1389","leaf","ecotypes","2008","2011","3","Jam","field","PAR.9.A1","PAR","8_29","p206","M1981","Ecotypes",0.712989929970565,0.278656210326025,1.38630153099671
"178",0.246695234067283,0.0889244031078529,"M1555P272","8_1389.root","8_1389","root","ecotypes","2008","2011","3","Jam","field","PAR.9.A1","PAR","8_29","p202","M1555","Ecotypes",5.46535131609814,0.989216103245404,92.7308581263831
"179",-0.193179717595427,-0.179214528729133,"M1955P798","9_0096.leaf","9_0096","leaf","ecotypes","2009","2012","3","Mah","field","PAR.9.A1","PAR","9_02","p208","M1955","Ecotypes",4.50784606326877,0.975038739299627,40.0620790753999
"180",0.0893667568956815,-0.0928623182663501,"M1956P901","9_0096.root","9_0096","root","ecotypes","2009","2012","3","Mah","field","PAR.9.A1","PAR","9_02","p209","M1956","Ecotypes",5.51625194813767,0.992180547939684,127.886198711428
"181",-0.382700764637746,0.465456497260178,"M1555P252","9_0159.leaf","9_0159","leaf","ecotypes","2009","2012","3","Jam","field","PAR.10.A6","PAR","9_04","p202","M1555","Ecotypes",0.579975862285845,0.241669061909696,1.31868548383149
"182",0.17613815204459,0.0837517310894635,"M1979P457","9_0159.root","9_0159","root","ecotypes","2009","2012","3","Jam","field","PAR.10.A6","PAR","9_04","p204","M1979","Ecotypes",5.35313096840253,0.983224106715767,59.609344376304
"183",-0.0456087146839002,0.389428605089703,"M1981P622","9_0171.leaf","9_0171","leaf","ecotypes","2009","2012","3","Jam","field","SILLow.3","SIL","9_04","p206","M1981","Ecotypes",2.04455163297022,0.639917016761045,2.7771376225696
"184",0.201692729636841,0.130325267554797,"M1959P1135","9_0171.root","9_0171","root","ecotypes","2009","2012","3","Jam","field","SILLow.3","SIL","9_04","p212","M1959","Ecotypes",4.94621867343682,0.976015043893933,41.6928009197842
"185",-0.216592811037418,-0.197728041069309,"M1554P127","9_0200.leaf","9_0200","leaf","ecotypes","2009","2012","3","Sil","field","PAR.10.A6","PAR","9_05","p201","M1554","Ecotypes",4.28728376787481,0.965644790585051,29.1076671348965
"186",0.24804511706077,-0.00391979541162681,"M1982P689","9_0200.root","9_0200","root","ecotypes","2009","2012","3","Sil","field","PAR.10.A6","PAR","9_05","p207","M1982","Ecotypes",5.58099839423457,0.985608920273938,69.4874894056086
"187",-0.290348701795649,-0.172059421639188,"M1979P406","9_0205.leaf","9_0205","leaf","ecotypes","2009","2012","3","Sil","field","JAM.22.A","JAM","9_05","p204","M1979","Ecotypes",3.89371841148052,0.954534221570763,21.9945645834791
"188",0.255300345297087,0.0118033051398643,"M1960P1216","9_0205.root","9_0205","root","ecotypes","2009","2012","3","Sil","field","JAM.22.A","JAM","9_05","p213","M1960","Ecotypes",5.45794345209183,0.984195638501083,63.2736729078585
"189",-0.227779217405557,-0.242504685393695,"M1555P241","9_0209.leaf","9_0209","leaf","ecotypes","2009","2012","3","Sil","field","MAH.48.A","MAH","9_05","p202","M1555","Ecotypes",3.72791508196698,0.926061764390815,13.5248020426899
"190",0.193376035611273,-0.0610834632933605,"M1961P1372","9_0209.root","9_0209","root","ecotypes","2009","2012","3","Sil","field","MAH.48.A","MAH","9_05","p214","M1961","Ecotypes",5.90127718266668,0.994024443145769,167.348420305289
"191",-0.261825208672856,-0.273356137487797,"M1551P1","9_0217.leaf","9_0217","leaf","ecotypes","2009","2012","3","Sil","field","JAM.17.A","JAM","9_05","p200","M1551","Ecotypes",3.61025650297214,0.929983422443445,14.2823319119284
"192",0.333258936510922,-0.00399333794370422,"M1957P995","9_0217.root","9_0217","root","ecotypes","2009","2012","3","Sil","field","JAM.17.A","JAM","9_05","p210","M1957","Ecotypes",5.72940021739645,0.991929179999597,123.903147381563
"193",-0.241049175174221,-0.240746281612645,"M1554P177","9_0226.leaf","9_0226","leaf","ecotypes","2009","2012","3","Sil","field","PAR.9.A1","PAR","9_05","p201","M1554","Ecotypes",4.15082400083804,0.954907030984015,22.1764062518376
"194",0.228552967463495,-0.0310108881998059,"M1982P652","9_0226.root","9_0226","root","ecotypes","2009","2012","3","Sil","field","PAR.9.A1","PAR","9_05","p207","M1982","Ecotypes",5.86946878009561,0.993691407140759,158.513954270343
"195",-0.304854481194274,-0.197546355767037,"M1977P1701","9_0229.leaf","9_0229","leaf","ecotypes","2009","2012","3","Sil","field","SILLow.3","SIL","9_05","p217","M1977","Ecotypes",3.43335138455351,0.911943265089236,11.3563147783459
"196",0.239548297626704,-0.0123562015615608,"M1981P572","9_0229.root","9_0229","root","ecotypes","2009","2012","3","Sil","field","SILLow.3","SIL","9_05","p206","M1981","Ecotypes",5.85727310564935,0.992760179075793,138.12496337533
"197",-0.231061657968404,-0.179602269445806,"M1554P176","9_0244.leaf","9_0244","leaf","ecotypes","2009","2012","3","Sil","field","JAM.17.A","JAM","9_06","p201","M1554","Ecotypes",4.14933819505368,0.964278706589976,27.9945070443445
"198",0.276107567249951,-0.0969175302909771,"M1955P818","9_0244.root","9_0244","root","ecotypes","2009","2012","3","Sil","field","JAM.17.A","JAM","9_06","p208","M1955","Ecotypes",5.60808884543261,0.983308426341239,59.9104686258936
"199",-0.278739841460549,-0.244130841141978,"M1956P911","9_0264.leaf","9_0264","leaf","ecotypes","2009","2012","3","Sil","field","MAH.8.A1","MAH","9_06","p209","M1956","Ecotypes",3.5113990852258,0.924415675601719,13.2302565110013
"200",0.255409871873484,-0.0266068291636545,"M1980P529","9_0264.root","9_0264","root","ecotypes","2009","2012","3","Sil","field","MAH.8.A1","MAH","9_06","p205","M1980","Ecotypes",5.7627823302116,0.991814102271751,122.161311220523
"201",-0.262614111973659,-0.159222591910322,"M1979P385","9_0281.leaf","9_0281","leaf","ecotypes","2009","2012","3","Sil","field","MAH.48.A","MAH","9_06","p204","M1979","Ecotypes",3.60070640685402,0.921234333254494,12.6958869431147
"202",0.329249269881389,-0.043224578132775,"M1955P803","9_0281.root","9_0281","root","ecotypes","2009","2012","3","Sil","field","MAH.48.A","MAH","9_06","p208","M1955","Ecotypes",5.81568911484703,0.99320882312076,147.249882867406
"203",-0.224895037454431,-0.184782424104369,"M1551P15","9_0283.leaf","9_0283","leaf","ecotypes","2009","2012","3","Sil","field","SILLow.3","SIL","9_06","p200","M1551","Ecotypes",3.78579226775826,0.927712625988899,13.8336744650102
"204",0.284809711095008,-0.0261423730461512,"M1979P459","9_0283.root","9_0283","root","ecotypes","2009","2012","3","Sil","field","SILLow.3","SIL","9_06","p204","M1979","Ecotypes",5.93230363401367,0.994651272059658,186.960341066825
"205",-0.260829812374951,-0.221198868439472,"M1955P781","9_0287.leaf","9_0287","leaf","ecotypes","2009","2012","3","Sil","field","PAR.10.A6","PAR","9_06","p208","M1955","Ecotypes",3.345035148351,0.864629879269145,7.38715452568899
"206",0.296673139825655,-0.0823970255086305,"M1982P731","9_0287.root","9_0287","root","ecotypes","2009","2012","3","Sil","field","PAR.10.A6","PAR","9_06","p207","M1982","Ecotypes",4.74613991998458,0.920618640894912,12.5974159585271
"207",-0.232172605339005,0.319893039268058,"M1555P264","9_0330.leaf","9_0330","leaf","ecotypes","2009","2012","3","Jam","field","MAH.8.A1","MAH","9_07","p202","M1555","Ecotypes",2.39789578231376,0.726283646977592,3.65341708289579
"208",0.225806157508353,0.0764419792256924,"M1960P1220","9_0330.root","9_0330","root","ecotypes","2009","2012","3","Jam","field","MAH.8.A1","MAH","9_07","p213","M1960","Ecotypes",5.29030696862712,0.984760951210225,65.6208936525612
"209",-0.280457018059567,0.278714068146548,"M1554P100","9_0334.leaf","9_0334","leaf","ecotypes","2009","2012","3","Jam","field","MAH.48.A","MAH","9_07","p201","M1554","Ecotypes",2.06468758058555,0.651800250519441,2.87191476011051
"210",0.229625226410078,-0.212832256020684,"M1956P857","9_0334.root","9_0334","root","ecotypes","2009","2012","3","Jam","field","MAH.48.A","MAH","9_07","p209","M1956","Ecotypes",4.8465382831742,0.980347163519618,50.8832402385385
"211",-0.217603026032727,-0.14228691155163,"M1554P149","9_0388.leaf","9_0388","leaf","ecotypes","2009","2012","3","Mah","field","MAH.48.A","MAH","9_09","p201","M1554","Ecotypes",3.86975381533578,0.934124629709569,15.1801803252294
"212",0.219594430905147,-0.0186731232732153,"M1982P688","9_0388.root","9_0388","root","ecotypes","2009","2012","3","Mah","field","MAH.48.A","MAH","9_09","p207","M1982","Ecotypes",5.64187978240935,0.990936966041994,110.338326506729
"213",-0.237295976024415,-0.209189119740651,"M1978P335","9_0411.leaf","9_0411","leaf","ecotypes","2009","2012","3","Mah","field","PAR.9.A1","PAR","9_09","p203","M1978","Ecotypes",3.60310450757914,0.914285123366506,11.6665862365512
"214",0.291918047255962,-0.0140832159091017,"M1981P602","9_0411.root","9_0411","root","ecotypes","2009","2012","3","Mah","field","PAR.9.A1","PAR","9_09","p206","M1981","Ecotypes",5.6389589181322,0.989936797402743,99.3719435075885
"215",-0.246316514200369,-0.155792057864662,"M1982P671","9_0413.leaf","9_0413","leaf","ecotypes","2009","2012","3","Mah","field","PAR.10.A6","PAR","9_09","p207","M1982","Ecotypes",3.32454633958411,0.881310846685708,8.42536973325589
"216",0.230130823677227,-0.0032119707110307,"M1982P736","9_0413.root","9_0413","root","ecotypes","2009","2012","3","Mah","field","PAR.10.A6","PAR","9_09","p207","M1982","Ecotypes",5.76303111334674,0.991253032059488,114.325330423184
"217",-0.226119577173303,-0.231402699374769,"M1978P352","9_0428.leaf","9_0428","leaf","ecotypes","2009","2012","3","Mah","field","SILLow.3","SIL","9_09","p203","M1978","Ecotypes",4.25651520437574,0.961613888237783,26.0510886383731
"218",0.284548008960175,0.00640778917832719,"M1981P635","9_0428.root","9_0428","root","ecotypes","2009","2012","3","Mah","field","SILLow.3","SIL","9_09","p206","M1981","Ecotypes",5.57491098220864,0.989362469387733,94.0067799990029
"219",-0.302884102191506,0.0332122226216858,"M1955P737","9_0537.leaf","9_0537","leaf","ecotypes","2009","2012","3","Mah","field","PAR.10.A6","PAR","9_12","p208","M1955","Ecotypes",2.95543271218291,0.8334119962963,6.00283320387608
"220",0.278331082600725,-0.00905122110399008,"M1981P579","9_0537.root","9_0537","root","ecotypes","2009","2012","3","Mah","field","PAR.10.A6","PAR","9_12","p206","M1981","Ecotypes",5.58574235025607,0.991326745442763,115.296973402629
"221",-0.118209271199356,-0.142447037861296,"M1977P1700","9_0553.leaf","9_0553","leaf","ecotypes","2009","2012","3","Mah","field","JAM.22.A","JAM","9_12","p217","M1977","Ecotypes",5.11306364857638,0.986915079000595,76.423846964416
"222",0.248816039387122,-0.0522689086299507,"M1958P1101","9_0553.root","9_0553","root","ecotypes","2009","2012","3","Mah","field","JAM.22.A","JAM","9_12","p211","M1958","Ecotypes",5.73363633565266,0.993040714181925,143.692905585613
"223",-0.232025976941675,-0.223250259384809,"M1978P289","9_0562.leaf","9_0562","leaf","ecotypes","2009","2012","3","Mah","field","JAM.17.A","JAM","9_12","p203","M1978","Ecotypes",3.52808620500958,0.90733114066953,10.7911115689237
"224",0.322146833561483,-0.0315134900089166,"M1955P787","9_0562.root","9_0562","root","ecotypes","2009","2012","3","Mah","field","JAM.17.A","JAM","9_12","p208","M1955","Ecotypes",5.67015031247232,0.992653586341706,136.120840251209
"225",-0.133396817010923,-0.0450695458023483,"M1551P89","9_0568.leaf","9_0568","leaf","ecotypes","2009","2012","3","Mah","field","MIL.32.A1","MIL","9_12","p200","M1551","Ecotypes",4.91290373950134,0.981705823145154,54.6622025103632
"226",0.317419262884823,-0.0236586205324741,"M1982P680","9_0568.root","9_0568","root","ecotypes","2009","2012","3","Mah","field","MIL.32.A1","MIL","9_12","p207","M1982","Ecotypes",5.02606652795075,0.969598797676384,32.8934359028032
"227",-0.316519392501874,0.525174021023182,"M1555P209","9_0599.leaf","9_0599","leaf","ecotypes","2009","2012","3","Jam","field","PAR.9.A1","PAR","9_13","p202","M1555","Ecotypes",0.457237263287582,0.222837678887532,1.28673247896083
"228",0.195944354859013,0.056827181306652,"M1961P1334","9_0599.root","9_0599","root","ecotypes","2009","2012","3","Jam","field","PAR.9.A1","PAR","9_13","p214","M1961","Ecotypes",5.4477079249221,0.987953430111758,83.0111815460468
"229",-0.18328802019226,-0.235582583791555,"M1979P444","9_0625.leaf","9_0625","leaf","ecotypes","2009","2012","3","Sil","field","PAR.9.A1","PAR","9_14","p204","M1979","Ecotypes",4.3709177943042,0.973916598875102,38.3385585036088
"230",0.265196779912298,-0.0485025192931401,"M1958P1076","9_0625.root","9_0625","root","ecotypes","2009","2012","3","Sil","field","PAR.9.A1","PAR","9_14","p211","M1958","Ecotypes",5.93087744683804,0.993498373532759,153.80766721044
"231",-0.212280104655576,-0.21908888759911,"M1979P392","9_0671.leaf","9_0671","leaf","ecotypes","2009","2012","3","Sil","field","SILLow.3","SIL","9_14","p204","M1979","Ecotypes",4.32261027396985,0.97014820102223,33.4988186388588
"232",0.293568470547789,-0.0391283265973633,"M1981P568","9_0671.root","9_0671","root","ecotypes","2009","2012","3","Sil","field","SILLow.3","SIL","9_14","p206","M1981","Ecotypes",5.84387904045474,0.992560781722475,134.422725976618
"233",-0.264316325117015,0.302079440860355,"M1979P372","9_0776.leaf","9_0776","leaf","ecotypes","2009","2012","3","Jam","field","JAM.22.A","JAM","9_17","p204","M1979","Ecotypes",2.57107262831253,0.796780156993597,4.92077931567191
"234",0.247389698389569,0.0838986929792398,"M1992P1573","9_0776.root","9_0776","root","ecotypes","2009","2012","3","Jam","field","JAM.22.A","JAM","9_17","p217","M1992","Ecotypes",5.15446339415136,0.983527445242623,60.7070375378276
"235",-0.256020442208638,0.433382057181136,"M1555P206","9_0789.leaf","9_0789","leaf","ecotypes","2009","2012","3","Jam","field","PAR.9.A1","PAR","9_17","p202","M1555","Ecotypes",1.33529752568475,0.435694353554841,1.77208930355295
"236",0.278770585106706,0.1011932371903,"M1979P450","9_0789.root","9_0789","root","ecotypes","2009","2012","3","Jam","field","PAR.9.A1","PAR","9_17","p204","M1979","Ecotypes",5.00893218853391,0.979589877826696,48.995297113311
"237",-0.177096648662652,0.00508105438155456,"M1982P718","9_0799.leaf","9_0799","leaf","ecotypes","2009","2012","3","Jam","field","SILLow.3","SIL","9_17","p207","M1982","Ecotypes",4.59401041897829,0.967834449286783,31.0891614732746
"238",0.221336087276441,0.076775536462497,"M1959P1185","9_0799.root","9_0799","root","ecotypes","2009","2012","3","Jam","field","SILLow.3","SIL","9_17","p212","M1959","Ecotypes",5.04127562214192,0.977018394405844,43.513060734724
"239",-0.348485012281902,0.303447119179928,"M1960P1202","9_0802.leaf","9_0802","leaf","ecotypes","2009","2012","3","Jam","field","PAR.10.A6","PAR","9_17","p213","M1960","Ecotypes",1.78259116952082,0.576996545546916,2.36404688773271
"240",0.198814038968791,0.0707204439169331,"M1960P1256","9_0802.root","9_0802","root","ecotypes","2009","2012","3","Jam","field","PAR.10.A6","PAR","9_17","p213","M1960","Ecotypes",5.23227888167142,0.983531687739502,60.7226766278096
"241",-0.347128246004565,0.0429890181764107,"M1554P152","9_0826.leaf","9_0826","leaf","ecotypes","2009","2012","3","Mah","field","JAM.22.A","JAM","9_18","p201","M1554","Ecotypes",2.45361321600958,0.778986594770486,4.52461242774636
"242",0.216813850153556,-0.0449944400500157,"M1961P1297","9_0826.root","9_0826","root","ecotypes","2009","2012","3","Mah","field","JAM.22.A","JAM","9_18","p214","M1961","Ecotypes",5.46969068859212,0.985636496503652,69.6208971755584
"243",-0.211124190535053,-0.266090470228284,"M1551P74","9_0849.leaf","9_0849","leaf","ecotypes","2009","2012","3","Mah","field","PAR.10.A6","PAR","9_18","p200","M1551","Ecotypes",3.90785464947746,0.953367004616897,21.4440438960596
"244",0.288556493617629,-0.0282053310739279,"M1958P1091","9_0849.root","9_0849","root","ecotypes","2009","2012","3","Mah","field","PAR.10.A6","PAR","9_18","p211","M1958","Ecotypes",5.48611228109607,0.988010173507516,83.4040426378876
"245",-0.248234852497119,-0.228700515241212,"M1982P723","9_0868.leaf","9_0868","leaf","ecotypes","2009","2012","3","Sil","field","JAM.17.A","JAM","9_19","p207","M1982","Ecotypes",3.63673730629091,0.923253761768951,13.0299546016764
"246",0.261608627503578,-0.0259105354128134,"M1981P610","9_0868.root","9_0868","root","ecotypes","2009","2012","3","Sil","field","JAM.17.A","JAM","9_19","p206","M1981","Ecotypes",5.91826453469051,0.993529661947242,154.551430210639
"247",-0.231545691348588,-0.203922860677647,"M1555P185","9_0873.leaf","9_0873","leaf","ecotypes","2009","2012","3","Sil","field","MIL.32.A1","MIL","9_19","p202","M1555","Ecotypes",3.72453341341079,0.940732848910898,16.8727529773888
"248",0.2592801660548,-0.0785929712460982,"M1982P650","9_0873.root","9_0873","root","ecotypes","2009","2012","3","Sil","field","MIL.32.A1","MIL","9_19","p207","M1982","Ecotypes",5.87480201345507,0.991199470536389,113.629526965954
"249",-0.26966702561978,-0.280948989581492,"M1690P1396","9_0874.leaf","9_0874","leaf","ecotypes","2009","2012","3","Sil","field","MAH.48.A","MAH","9_19","p215","M1690","Ecotypes",3.41506107804883,0.927500501144944,13.7931987916115
"250",0.228377435179422,-0.0773803734288334,"M1982P657","9_0874.root","9_0874","root","ecotypes","2009","2012","3","Sil","field","MAH.48.A","MAH","9_19","p207","M1982","Ecotypes",5.83254494564048,0.993581632534012,155.80285879534
"251",-0.212899311088459,-0.0837115696714845,"M1979P401","9_0876.leaf","9_0876","leaf","ecotypes","2009","2012","3","Sil","field","MAH.8.A1","MAH","9_19","p204","M1979","Ecotypes",4.42233651108624,0.968191349336739,31.4379886964205
"252",0.0995146911386561,-0.267623284402137,"M1960P1266","9_0876.root","9_0876","root","ecotypes","2009","2012","3","Sil","field","MAH.8.A1","MAH","9_19","p213","M1960","Ecotypes",5.15011269055771,0.98703439922532,77.1271626651397
"253",-0.24828750122556,-0.208267235522134,"M1979P391","9_0881.leaf","9_0881","leaf","ecotypes","2009","2012","3","Sil","field","PAR.9.A1","PAR","9_19","p204","M1979","Ecotypes",3.80279759276697,0.951120072207297,20.4582953608471
"254",0.212902181743347,-0.105205421448361,"M1956P863","9_0881.root","9_0881","root","ecotypes","2009","2012","3","Sil","field","PAR.9.A1","PAR","9_19","p209","M1956","Ecotypes",5.58984014818511,0.992877908364189,140.408190618019
"255",-0.227149190403153,-0.223967048587718,"M1551P39","9_0908.leaf","9_0908","leaf","ecotypes","2009","2012","3","Sil","field","PAR.10.A6","PAR","9_19","p200","M1551","Ecotypes",3.80578690097515,0.929426594728061,14.1696435951578
"256",0.304271315349707,-0.0291057888385934,"M1980P518","9_0908.root","9_0908","root","ecotypes","2009","2012","3","Sil","field","PAR.10.A6","PAR","9_19","p205","M1980","Ecotypes",5.92488929303444,0.993904062296824,164.043671161375
"257",-0.211233414693394,-0.200153940309861,"M1958P1046","9_0964.leaf","9_0964","leaf","ecotypes","2009","2012","3","Mah","field","PAR.10.A6","PAR","9_21","p211","M1958","Ecotypes",3.92849015349725,0.945274441819989,18.2729977227579
"258",-0.0297989549191396,-0.183569560868183,"M1982P669","9_0964.root","9_0964","root","ecotypes","2009","2012","3","Mah","field","PAR.10.A6","PAR","9_21","p207","M1982","Ecotypes",5.02069937085834,0.986624467964376,74.7633811751645
"259",-0.266783926883763,-0.169449600586672,"M1978P357","9_0993.leaf","9_0993","leaf","ecotypes","2009","2012","3","Mah","field","MIL.32.A1","MIL","9_21","p203","M1978","Ecotypes",3.11205693805965,0.866826432028306,7.5089975828578
"260",0.328405157232714,-0.0269902985277189,"M1982P660","9_0993.root","9_0993","root","ecotypes","2009","2012","3","Mah","field","MIL.32.A1","MIL","9_21","p207","M1982","Ecotypes",5.53399847518042,0.990536050086918,105.664126414883
"261",-0.18649216975861,-0.230908749879944,"M1551P9","9_1006.leaf","9_1006","leaf","ecotypes","2009","2012","3","Mah","field","SILLow.3","SIL","9_21","p200","M1551","Ecotypes",4.50150569436709,0.972847489661565,36.8290072459522
"262",0.310684372922207,-0.0365337236376121,"M1955P755","9_1006.root","9_1006","root","ecotypes","2009","2012","3","Mah","field","SILLow.3","SIL","9_21","p208","M1955","Ecotypes",5.6582922959335,0.991585007440279,118.835518023695
"263",-0.302247053783642,0.495604892481713,"M1551P18","9_1014.leaf","9_1014","leaf","ecotypes","2009","2012","3","Jam","field","JAM.17.A","JAM","9_22","p200","M1551","Ecotypes",0.648538686283766,0.281300346505932,1.39140181178375
"264",0.28118797281326,0.0886878996448174,"M1982P722","9_1014.root","9_1014","root","ecotypes","2009","2012","3","Jam","field","JAM.17.A","JAM","9_22","p207","M1982","Ecotypes",5.18417404073007,0.985266868963059,67.8742351162623
"265",-0.307845644838007,0.45407554777517,"M1978P363","9_1027.leaf","9_1027","leaf","ecotypes","2009","2012","3","Jam","field","MAH.8.A1","MAH","9_22","p203","M1978","Ecotypes",0.725791156269815,0.309599391625948,1.44843441310847
"266",0.31323317746211,0.0939519132129871,"M1980P472","9_1027.root","9_1027","root","ecotypes","2009","2012","3","Jam","field","MAH.8.A1","MAH","9_22","p205","M1980","Ecotypes",4.99857485594535,0.978731302520786,47.017453747569
"267",-0.316606533536668,-0.184317518287363,"M1554P174","9_1077.leaf","9_1077","leaf","ecotypes","2009","2012","3","Sil","field","JAM.22.A","JAM","9_23","p201","M1554","Ecotypes",2.9750846228345,0.885676906286426,8.74713907327776
"268",0.269420104278237,-0.0324606474878311,"M1982P678","9_1077.root","9_1077","root","ecotypes","2009","2012","3","Sil","field","JAM.22.A","JAM","9_23","p207","M1982","Ecotypes",5.83193300722026,0.993003592334232,142.930493443493
"269",-0.198760144061573,-0.240838905527067,"M1978P326","9_1081.leaf","9_1081","leaf","ecotypes","2009","2012","3","Sil","field","PAR.10.A6","PAR","9_23","p203","M1978","Ecotypes",4.18287680168409,0.964709320023206,28.336093287451
"270",0.251539518919236,-0.0188090138759723,"M1960P1253","9_1081.root","9_1081","root","ecotypes","2009","2012","3","Sil","field","PAR.10.A6","PAR","9_23","p213","M1960","Ecotypes",5.9288927497289,0.992808967789903,139.06209439528
"271",-0.220875446205159,-0.255275542004395,"M1979P403","9_1104.leaf","9_1104","leaf","ecotypes","2009","2012","3","Sil","field","PAR.9.A1","PAR","9_23","p204","M1979","Ecotypes",3.98744888731313,0.951275983967604,20.5237597683885
"272",0.300543179208173,-0.0593993215805056,"M1690P1411","9_1104.root","9_1104","root","ecotypes","2009","2012","3","Sil","field","PAR.9.A1","PAR","9_23","p215","M1690","Ecotypes",6.10680229251906,0.995457346466689,220.135652579967
"273",-0.285990152395329,-0.177956800241831,"M1981P570","9_1206.leaf","9_1206","leaf","ecotypes","2009","2012","3","Sil","field","MIL.32.A1","MIL","9_26","p206","M1981","Ecotypes",2.76850439854665,0.798832464858868,4.97098102483801
"274",0.224764133662104,-0.025743842834914,"M1959P1132","9_1206.root","9_1206","root","ecotypes","2009","2012","3","Sil","field","MIL.32.A1","MIL","9_26","p212","M1959","Ecotypes",5.65455638312497,0.990302182446457,103.115984032373
"275",-0.244856637538253,-0.213037543212003,"M1980P542","9_1216.leaf","9_1216","leaf","ecotypes","2009","2012","3","Sil","field","SILLow.3","SIL","9_26","p205","M1980","Ecotypes",3.72754895234935,0.93100957637608,14.4947653235353
"276",0.309018755018835,-0.0346601433358148,"M1981P628","9_1216.root","9_1216","root","ecotypes","2009","2012","3","Sil","field","SILLow.3","SIL","9_26","p206","M1981","Ecotypes",5.77152183442492,0.989245800723558,92.9869322944919
"277",-0.243221440226983,-0.189019538630694,"M1979P376","9_1232.leaf","9_1232","leaf","ecotypes","2009","2012","3","Sil","field","JAM.17.A","JAM","9_26","p204","M1979","Ecotypes",3.36450833219551,0.893678785712543,9.40546067595068
"278",0.312345494748469,-0.0236737349431971,"M1961P1371","9_1232.root","9_1232","root","ecotypes","2009","2012","3","Sil","field","JAM.17.A","JAM","9_26","p214","M1961","Ecotypes",5.92838649995099,0.993531252883572,154.589440891949
"279",-0.16954152657813,-0.182385323588026,"M1554P169","9_1307.leaf","9_1307","leaf","ecotypes","2009","2012","3","Mah","field","JAM.22.A","JAM","9_28","p201","M1554","Ecotypes",4.66787186224763,0.97325529967407,37.3905853426396
"280",0.195475511310291,-0.0465460679390319,"M1957P922","9_1307.root","9_1307","root","ecotypes","2009","2012","3","Mah","field","JAM.22.A","JAM","9_28","p210","M1957","Ecotypes",5.59438630825362,0.992648813532717,136.032462848074
"281",-0.180539219640436,-0.229478494088604,"M1981P617","9_1309.leaf","9_1309","leaf","ecotypes","2009","2012","3","Mah","field","JAM.17.A","JAM","9_28","p206","M1981","Ecotypes",4.21179060937913,0.957334799823088,23.4383055945707
"282",0.329753628165975,-0.0237829989352334,"M1981P558","9_1309.root","9_1309","root","ecotypes","2009","2012","3","Mah","field","JAM.17.A","JAM","9_28","p206","M1981","Ecotypes",5.64416625085744,0.992429264319222,132.087559540488
"283",-0.179120663578222,-0.215708703731414,"M1982P719","9_1319.leaf","9_1319","leaf","ecotypes","2009","2012","3","Mah","field","PAR.10.A6","PAR","9_28","p207","M1982","Ecotypes",4.43821107886097,0.969433870610209,32.7159512821403
"284",0.0895042012924442,-0.0951350664318049,"M1961P1323","9_1319.root","9_1319","root","ecotypes","2009","2012","3","Mah","field","PAR.10.A6","PAR","9_28","p214","M1961","Ecotypes",5.73325144675002,0.993336098027133,150.062231418112
"285",-0.238208057269591,-0.145712405584683,"M1554P156","9_1324.leaf","9_1324","leaf","ecotypes","2009","2012","3","Mah","field","SILLow.3","SIL","9_28","p201","M1554","Ecotypes",3.80123817044279,0.93521919390438,15.4366711418187
"286",0.315293392009244,-0.00776077684072213,"M1979P445","9_1324.root","9_1324","root","ecotypes","2009","2012","3","Mah","field","SILLow.3","SIL","9_28","p204","M1979","Ecotypes",5.7917331601642,0.992684874756189,136.703059301145
"287",-0.242186584682989,-0.250238148711993,"M1555P251","9_1339.leaf","9_1339","leaf","ecotypes","2009","2012","3","Mah","field","MAH.8.A1","MAH","9_28","p202","M1555","Ecotypes",3.5265171042137,0.912174481169147,11.3862122685087
"288",0.217900650251349,0.00155695153123355,"M1959P1181","9_1339.root","9_1339","root","ecotypes","2009","2012","3","Mah","field","MAH.8.A1","MAH","9_28","p212","M1959","Ecotypes",5.66758612508542,0.988191540249098,84.6850496250056
"289",-0.214645801524601,0.387843638405909,"M1554P181","9_1364.leaf","9_1364","leaf","ecotypes","2009","2012","3","Jam","field","MIL.32.A1","MIL","9_29","p201","M1554","Ecotypes",2.28607169344202,0.643602685924774,2.80585728485296
"290",0.318376012844456,0.089812665399219,"M1955P747","9_1364.root","9_1364","root","ecotypes","2009","2012","3","Jam","field","MIL.32.A1","MIL","9_29","p208","M1955","Ecotypes",5.10805543960809,0.984561023544797,64.7711331707485
"291",-0.399723210927756,0.532303914685214,"M1978P342","9_1370.leaf","9_1370","leaf","ecotypes","2009","2012","3","Jam","field","JAM.22.A","JAM","9_29","p203","M1978","Ecotypes",0.426915592639385,0.200870560359594,1.25136173239968
"292",0.324651266759499,0.0917360604067095,"M1955P778","9_1370.root","9_1370","root","ecotypes","2009","2012","3","Jam","field","JAM.22.A","JAM","9_29","p208","M1955","Ecotypes",5.31908726822519,0.987120309787122,77.6416189731132
